"time_period","rainfall","mean_temperature","location","sample_0"
"2025-02",16,26,"loc1",148.77822207448
"2025-03",20,27,"loc1",172.003621338701
"2025-04",18,28,"loc1",199.343794984774
