"time_period","rainfall","mean_temperature","location","sample_0"
"2025-02",16,26,"loc1",138.639295108843
"2025-03",20,27,"loc1",167.212883297501
"2025-04",18,28,"loc1",209.321161612495
